slug,status,title,meta_description,excerpt,body,published_date,author,seo_keywords,thought_starter_key,sort_order
ai-implementation-where-to-start,published,My CEO told me to implement AI. Where do I actually start?,"Your CEO has given you an AI mandate. Here's a practical, honest guide to where to actually start.",Your CEO has given you an AI mandate. A practical guide to where to actually start.,"You've been in this meeting. The CEO comes back from a conference, a board conversation, or a peer call. The message is clear: we need to be doing more with AI. You walk out with a mandate and no roadmap.

This guide is for you.

---

**First: understand what ""implementing AI"" actually means**

Most companies make the same mistake at this stage. They start by asking ""which AI tool should we buy?"" That's the wrong question.

The right question is: which part of how our business runs should change first?

AI doesn't fix processes. It accelerates them — good ones and broken ones equally. If your monthly forecasting cycle takes 8 days because of manual coordination across WhatsApp and Excel, adding an AI tool gives you a faster version of the same 8-day problem.

The starting point is workflow clarity, not tool selection.

---

**Map your operating reality before touching any tool**

Before you evaluate any vendor, do this:

Pick one process that is high-value and visibly broken. Not the most complex. Not the most politically sensitive. The one where everyone in the room agrees: ""this takes too long and costs us too much.""

For most established Indian businesses — manufacturing, distribution, services — this tends to be one of:
- Monthly sales forecasting and demand coordination
- Sales exception and approval cycles
- New client onboarding and handoff
- Dealer or distributor communication cycles
- Leadership reporting assembly

For each process, answer four questions honestly:
1. Where does the work actually happen? (WhatsApp, email, Excel, a system, verbal?)
2. Where does it break? (Which handoff, which approval, which coordination point?)
3. Who is the bottleneck? (The person the process can't move without)
4. What would ""fixed"" look like in 45 days? (Specific and measurable — not ""smoother"")

These four answers are your implementation brief. Before any vendor. Before any tool. Before any budget approval.

---

**The three paths — and which one actually works**

**Path 1: Buy a tool and configure it yourself**
Works if you have engineering capacity, a clearly defined scope, and tolerance for a 6-12 month timeline.
Fails when the tool is generic, the process wasn't mapped first, and the vendor leaves after setup.

**Path 2: Hire a large SI to implement**
Works if you have a ₹2Cr+ budget, 12+ months, and a dedicated internal project team.
Fails when the SI automates your existing process without redesigning it. You get a faster version of the same broken workflow.

**Path 3: Start with a scoped pilot — diagnose, redesign, build, prove**
Works when you want a named outcome in 45 days, with a refund guarantee, without replacing your existing systems.

This is the path we built Kautilyan for.

---

**What a good AI implementation actually requires**

Four things — none of them are a large budget or a data science team:

One process owner who will be available. Every successful implementation has one person on the client side who owns the process being transformed. Not a committee. One person with context and authority.

Read access to the systems involved. You don't need to replace anything. You need to read what's there. ERP, CRM, Excel exports, email metadata — whatever the workflow runs on.

30 minutes per week with the decision-maker. The agents need to learn from human decisions. That requires a human who reviews and approves during the pilot. 30 minutes a week.

A named metric agreed before you start. ""Better"" is not a metric. ""Reduce the forecast cycle from 8 days to same-day"" is a metric. If the vendor won't commit to a named metric — walk away.

---

**The question to ask every vendor**

Before signing anything, ask one question: ""What is the specific, measurable outcome you're committing to — and what happens if you don't achieve it?""

If they can't answer that question precisely, they're selling you effort, not results.

---

**A practical sequence**

Week 1: Pick the workflow. Answer the four questions. Validate with your leadership team.
Week 2: Book a free Operating Reality Diagnosis. Get an outside view of what's breaking and why.
Week 3: Review the output. Define the success metric.
Week 4 onward: Commission a Proof of Value Blueprint. See the problem in your own data before committing to a pilot.

This sequence takes 4-6 weeks and costs you nothing until you've seen your own data.

**Book a Free AI Workflow Diagnosis →**

---
---",2026-01-15,Team Kautilyan,,ceo-mandate,1
ai-execution-stack,published,Stop calling everything an agent — the AI execution stack every business needs,Most AI failures come from using the wrong building block. The complete AI execution stack for operators.,The 9-part AI execution stack explained for operators.,"Most AI implementation confusion comes from the same source: everyone calls everything an ""agent.""

A chatbot answering FAQ is called an agent. A script sending an email is called an agent. A workflow routing an approval is called an agent. A genuine autonomous system that monitors a process, detects anomalies, drafts options, and routes for human approval — also called an agent.

Same word. Completely different systems. Completely different design requirements.

Here's the actual stack.

---

**The 9 building blocks of a real AI execution system**

Real AI implementations combine several building blocks — each doing the specific job it's designed for.

**01 — Prompt:** How you ask for this one response. Useful for simple, one-off tasks. A prompt answers. It doesn't run the business.

**02 — Context:** The right data, documents, policies, examples, and memory for the task. Without the right context, even the best prompt produces wrong answers. Most ""AI failures"" are context failures.

**03 — Playbook / Skill:** A reusable SOP for recurring work — a checklist, a rubric, a template, a procedure. When the same type of decision gets made repeatedly, capture it in a playbook.

**04 — Tool:** A callable function that fetches data or takes action in a real system. Get an order status. Check a CRM record. Update a ticket. Tools are how AI interacts with your existing systems.

**05 — Hook:** An automatic event-based check. Before a refund is issued — confirm approval. After a proposal is drafted — check compliance. Hooks are your guardrails. They enforce rules that can't be left to the prompt.

**06 — Subagent:** A delegated specialist worker with separate context, tools, or permissions. When a task requires a specialist — an analytics subagent, a compliance checker, a data retrieval specialist — you use a subagent.

**07 — Agent:** An AI role that owns an outcome over time. Monitor a relationship. Track a case to closure. Coordinate a multi-step process. An agent is for situations where the system must own continuity.

**08 — Workflow:** The business rails. Sequence, approvals, SLAs, audit trails, exception paths. If steps and approvals are fixed — build a workflow first, before you think about agents.

**09 — Memory:** What the system learns from decisions, overrides, outcomes, and patterns. Memory is how organisational intelligence compounds. Every approved decision becomes a precedent.

---

**The one principle that prevents most AI failures**

Use the smallest architecture that safely achieves the business outcome.

Not the most impressive. Not the most complex. The smallest one that works.

Need a better one-time answer? Prompt engineering.
Need the right documents or data? Context engineering.
Need recurring expertise? A playbook.
Need to read or update a system? A tool.
Need automatic rule enforcement? A hook.
Need a specialist in isolation? A subagent.
Need ongoing ownership? An agent.
Need controlled sequence and approvals? A workflow.

---

**A real example: ""My order is delayed. I want a refund.""**

Wrong approach: build an agent that handles everything.
Result: one giant prompt trying to classify, fetch data, check policy, calculate eligibility, draft response, issue refund, and message the customer. That's how you get hallucinations, policy leaks, and incorrect refunds.

Right approach: ask what the smallest safe architecture is.

Workflow starts: complaint received → classify → fetch order data → check policy → approval gate → respond → close.
Agent owns case: tracks until resolved.
Playbook guides: delayed-order SOP decides what to check and how to respond.
Tools fetch and act: get_order_status(), check_refund_eligibility(), create_ticket().
Hook enforces: before any refund — confirm approval. Before any message — check for prohibited promises.
Memory updates: delay patterns and resolution outcomes captured for learning.

The agent is not the whole system. It is the coordinator inside a governed operating model.

---

**The anti-patterns that kill most implementations**

Calling every workflow an agent. If steps and approvals are fixed, build a workflow first.
Using prompts as policy. Prompt instructions are not enforcement. Use hooks and approval gates.
Letting AI guess data. If data matters, use tools with verified sources.
No observability. Track approval rates, override frequency, tool failures, and outcome metrics.

---

**The one-line summary**

Prompts answer. Context informs. Playbooks standardise. Tools act. Hooks enforce. Subagents delegate. Agents own outcomes. Workflows govern. Memory helps the organisation learn.

**Book a Free AI Workflow Diagnosis →**

---
---",2026-01-22,Team Kautilyan,,,2
why-ai-mandates-fail,published,Why AI mandates fail before they start (and it's not a technology problem),70% of AI implementations don't deliver. Here's what's actually breaking.,The failure usually happens before a single line of code is written.,"There's a pattern in failed AI implementations. It rarely comes from the technology. The model isn't the problem. The integration isn't the problem. The data quality isn't even the problem, usually.

The failure happens in the six weeks between ""we're doing AI"" and ""we've started building.""

---

**The six things that have to be true simultaneously**

For any complex change to work, six elements must be present at the same time: Vision, Consensus, Skills, Incentives, Resources, and an Action Plan. Remove any one of them and you get a predictable failure mode.

**No Vision → Confusion.**
Everyone agrees AI is important. Nobody agrees what success looks like. The team runs in different directions and calls it ""experimentation.""

**No Consensus → Sabotage.**
Leadership is aligned. Middle management isn't. The people who need to change how they work are actively or passively resisting. The pilot produces results. Nobody adopts them.

**No Skills → Anxiety.**
The AI system works. Your team doesn't trust it. They override every recommendation. They ask someone to double-check every output. The system that was supposed to save time creates more work.

**No Incentives → Resistance.**
The process that AI is supposed to improve is the process your best people are rewarded for doing manually. Why would they help automate themselves?

**No Resources → Frustration.**
The implementation is approved. The vendor is selected. But the one person who needs to be involved — the process owner who knows every exception — is in back-to-back meetings for the next four months.

**No Action Plan → The Treadmill.**
Great intention. Clear vision. Full alignment. And then: who does what by when? The answer is unclear. The project drifts.

---

**Before you evaluate any vendor, answer these six questions**

1. What does AI success look like for us in 90 days? (Specific — not ""better operations"")
2. Who has to change how they work — and do they understand why?
3. Who will own the AI layer? Do they have the skills or training?
4. What does the team gain when this succeeds? What do they risk if they resist?
5. Who is actually available to be the process owner for this implementation?
6. What are the specific tasks, owners, and deadlines for the next 30 days?

If you can't answer all six clearly, you're not ready to build. You're ready to diagnose.

---

**The question that predicts success**

After running implementations across industries, we've found one question that predicts whether an AI pilot will succeed:

""Who is the one person on your team who will own this — with the authority to make decisions and the time to be involved?""

If the answer is ""our CIO, but he's very busy"" — the pilot will struggle.
If the answer is ""our VP, but this is one of eight priorities"" — the pilot will drift.
If the answer is a specific name, a specific time commitment, genuine authority — the pilot will succeed.

Not because of anything the vendor does. Because transformation requires a human owner, not just a technology partner.

---

**The diagnostic before the build**

This is why every Kautilyan engagement starts with an AI Workflow Diagnosis — not a technology assessment.

We're not looking at your systems in Stage 0. We're looking at your operating reality. Who makes which decisions. Where they get stuck. Which people are the bottlenecks. Which processes have clear owners and which ones belong to everyone and no one.

A technology built on top of a misaligned organisation will fail — not because the technology is wrong, but because the organisation isn't ready to use it.

The diagnosis isn't about finding what to automate. It's about finding what needs to change before anything gets automated.

**Book a Free AI Workflow Diagnosis →**

---
---",2026-02-01,Team Kautilyan,,escalations,3
teams-using-ai-organisation-isnt,published,Your teams are using AI. Your organisation isn't. Here's the difference.,Most companies have people using AI tools. Very few have organisations that have changed.,Individual tool usage vs organisational AI capability.,"Here's a pattern we see consistently in established Indian businesses right now:

The marketing team uses ChatGPT for content. Finance uses Copilot for Excel. HR uses an AI tool for job descriptions. Sales has a chatbot for lead qualification.

And the CEO is asking: ""Why hasn't anything fundamentally changed?""

The answer is that individual AI usage and organisational AI capability are two completely different things.

---

**The difference between tools and capability**

When a person uses an AI tool, they get individually faster. They produce content faster, analyse data faster, draft responses faster.

This is useful. But it doesn't change the organisation.

The organisation changes when:
- Decisions are made differently — with better context, faster, with a trail
- Knowledge is captured when it's created — not lost when people leave
- Workflows run on intelligence — not on the availability of the three people who hold context
- New team members inherit what the organisation has learned — not start from zero

None of this happens by giving people access to ChatGPT.

---

**Five signs your organisation isn't yet AI-era ready**

Every important decision still requires a senior person in the room. Not because they need to approve it. Because they're the only one with the context to make it.

When someone leaves, their institutional knowledge leaves too. Client relationships, pricing logic, exception patterns — all in their head. When they go, it goes.

Your teams are running 5-8 AI tools that don't share context. Each team has found their own tools. None of them know what the other knows. AI proliferation without organisational intelligence.

Your AI tools answer questions but don't take actions. They help individuals think. They don't help the organisation act.

The AI mandate is real but the path to execution isn't clear. You have board commitment. You have budget. You don't have a specific answer to: ""which workflow, which metric, in 45 days.""

---

**What organisational AI capability actually looks like**

It's not a platform. It's not a dashboard. It's not a chatbot everyone can query.

Organisational AI capability is when:
- Signals from your business are detected automatically — not reported manually
- Context from past decisions is assembled when needed — not hunted for
- Options are drafted for human review — not invented from scratch each time
- Approved decisions are stored with their reasoning — not lost after the meeting
- The system gets smarter with every decision your team makes

This is what an intelligence layer does. Not AI for individuals. AI for the organisation.

---

**How to bridge the gap — three steps**

Stop adding tools. Start mapping workflows. Audit what your teams are using AI for individually. Then ask: which of these could become an organisational capability?

Pick one workflow to transform — not improve. Transformation means redesigning how the work flows. Improvement means doing the existing work faster. Pick one workflow and redesign it from first principles.

Build the governance model before the agents. Who approves what. What gets automated. What stays human. What gets logged. These decisions come before any technology is deployed.

**Book a Free AI Workflow Diagnosis →**

---
---",2026-02-08,Team Kautilyan,,tools-unchanged,4
institutional-knowledge-loss,published,We lost three years of context when someone left. Here's what we learned.,"When a key person leaves, they take years of context with them.",What knowledge loss costs when key people leave.,"This story is familiar to almost every established business that has scaled past 100 people.

A key account manager leaves. Or a regional sales head. Or the IT person who knew how every system talked to every other system. And with them goes three years of client relationships, pricing logic, exception history, and institutional memory.

The handover notes don't capture it. The onboarding document doesn't cover it. The replacement spends six months rebuilding what the previous person built over three years.

This is not a people problem. It's a systems problem. And it's the most expensive invisible tax most organisations pay.

---

**What knowledge loss actually costs**

It doesn't show up on any P&L line. But consider: if a senior person takes three years of client context when they leave, how long does it take the replacement to rebuild that trust? How many deals are lost in the transition? How many relationships cool because nobody was watching the signals?

At a manufacturing company we worked with, a regional sales head who left took with him the negotiation history with 14 key dealers — the prices they'd been offered, the exceptions they'd been granted, the personal relationships that kept them loyal. His replacement started with a CRM showing contact names and email addresses.

The cost wasn't the replacement's salary. It was the relationships that quietly moved to competitors during the transition.

---

**Why documentation doesn't solve this**

The common response is to ask people to document better. Write more detailed handover notes. Update the CRM. Keep records.

This doesn't work — not because people are lazy, but because the knowledge that matters is contextual. It's not ""Dealer X gets 12% margin."" It's ""Dealer X gets 12% margin in September because that's when his payment cycles align, and last year when we didn't give him the extra 2% he shifted 40% of his volume to a competitor for three months.""

That kind of knowledge doesn't get written down in handover notes. It gets rebuilt — expensively — by every person who replaces the person who held it.

---

**What institutionalising knowledge actually requires**

Three things. Only one of them is technology.

A decision trace culture. Every decision needs to be logged with its reasoning — not just ""approved"" but ""approved because X, given Y context, with Z exception."" This is a cultural shift before it's a technology implementation.

A system for capturing exceptions. Most institutional knowledge lives in exceptions — the cases that didn't follow the standard process and why. These need to be captured systematically, not anecdotally.

A system that surfaces context when it's needed. Not a document store. Not a searchable database. A system that knows to surface the relevant past decision when a similar situation arises — without someone having to know to search for it.

---

**What an intelligence layer does here**

When we build an intelligence layer for a client, one of the core outcomes is compounding organisational memory.

Every decision the system is involved in — every recommendation drafted, every approval given, every exception handled — is stored with its context and reasoning. When a similar situation arises six months later, the system surfaces the relevant history automatically. The new team member doesn't need to ask someone who knows. The system already knows.

This doesn't replace institutional knowledge. It captures it as it's being created — instead of after it's already walked out.

---

**The one thing to do before your next key person leaves**

Start capturing decisions now.

Every exception they handle, every judgment call they make, every client relationship nuance they navigate — log the reasoning in a structured format the system can use.

This is the foundation of organisational memory. The technology comes next. The culture of capturing decisions has to come first.

**Book a Free AI Workflow Diagnosis →**

---
---",2026-02-15,Team Kautilyan,,knowledge-loss,5
cio-ai-mandate-execution-gap,published,"You have the AI mandate, the budget, and the board's attention. Why is execution still stuck?",CIOs have AI mandates and budgets. Most are still stuck at intent.,A practical path from mandate to first proof.,"If you're a CIO, IT head, or technology leader at an established Indian business right now, you're likely in one of these situations:

Your CEO came back from a conference and said: ""We need to be doing something serious with AI.""
Or the board allocated an AI budget and is asking what's been done with it.
Or you've run two or three pilots that produced interesting results but haven't scaled.

The mandate is real. The intention is clear. The execution is stuck.

Here's what's actually happening.

---

**The gap isn't technical. It's structural.**

Most CIOs we speak with have the technical understanding. They know what AI can do. They understand the difference between a chatbot and an agentic workflow. They can evaluate vendors.

The gap is structural: there's no agreed answer to three questions.

Which workflow goes first — and why that one specifically, not some other one?
What does success look like — and who has agreed to that definition in writing?
Who owns it — not the vendor, not the IT team, but the business process owner with authority and availability?

Without clear answers to all three, the mandate sits in intent and the budget sits in a holding pattern.

---

**Why the workflow selection problem is harder than it looks**

Every department has a priority. Sales wants their forecasting fixed. Operations wants exception handling automated. Finance wants reporting accelerated. HR wants onboarding improved.

All of these are valid. None of them, without prioritisation, produces a first win.

The first AI workflow needs to satisfy four criteria simultaneously:
It should be painful enough that leadership visibly cares about the outcome.
It should be measurable enough that proof is obvious to a non-technical observer.
It should be scoped enough that results are demonstrable in 45 days.
It should have a single, named process owner with the time to be involved.

Finding that workflow — before evaluating any vendor or technology — is the most valuable work a CIO can do in the first two weeks of an AI mandate.

---

**The vendor evaluation problem**

Most AI vendor pitches are designed to impress, not to help you decide. They demonstrate the most sophisticated capability, show the most impressive demo, and leave you more overwhelmed than informed.

The questions that actually matter for a first AI workflow are:

Will you help us identify which workflow to start with — or do we need to know that before we call you?
What specific outcome will you commit to — and what happens contractually if you miss it?
How long until we have working, human-approved AI running in our environment?
What do you need from us — which systems, which people, which time commitment?
What does your engagement look like after Day 45 — who maintains the workflow?

If a vendor can't answer all five questions directly, they're selling a platform, not a partnership.

---

**A practical path from mandate to first proof**

Week 1-2: Run an AI Workflow Diagnosis. Get an outside map of your operating reality — where workflows are breaking, which dependencies are on specific people, and which one workflow could prove value fastest.

Week 3-4: Define the success metric with the process owner and the business head. Write it down. Make it specific. Agree on what refund looks like if it's missed.

Week 5-6: Commission a Proof of Value Blueprint. See the future-state workflow design and the governance model before you commit to building.

Week 7 onwards: 45-day pilot. One workflow. Human approval at every step. Named metric. Evidence at Day 45.

This sequence costs you nothing until you've seen your workflow mapped, your success metric defined, and your operating reality documented in your own data.

---

**The one question to answer this week**

Before evaluating any vendor, before requesting any demo, before writing any RFP — answer this:

""Which one workflow, if it was transformed in 45 days, would be the proof that our AI mandate is real?""

When you have a clear answer to that question, everything else becomes easier to evaluate.",2026-02-22,Team Kautilyan,,cio-dilemma,6
